{
  "alpha_bonferroni": 0.016666666666666666,
  "family_size": 3,
  "correction": "Bonferroni (statistical_decision_matrix.md Part K)",
  "results_by_model": {
    "Event_LASSO": {
      "test": {
        "RMSE": 0.009631061816812675,
        "MAE": 0.006547931743181517,
        "R2": -0.0015064059786111805,
        "Dir_Acc": 0.5746666666666667,
        "IC": NaN,
        "confusion_matrix": {
          "TP": 431,
          "TN": 0,
          "FP": 319,
          "FN": 0
        },
        "precision": 0.5746666666666667,
        "recall": 1.0,
        "f1": 0.7298899237933955,
        "accuracy": 0.5746666666666667,
        "roc_auc": 0.5
      },
      "comparison_vs_baseline": {
        "diebold_mariano": {
          "dm_stat": NaN,
          "p_value_one_sided": NaN,
          "mean_loss_diff": 0.0,
          "loss_diff_series_std": 0.0
        },
        "two_proportion_z_test": {
          "z_stat": 0.0,
          "p_value_one_sided": 0.5,
          "p1": 0.5746666666666667,
          "p2": 0.5746666666666667,
          "diff_pp": 0.0
        },
        "pct_rmse_improvement_over_baseline": 0.0,
        "bonferroni_verdict": {
          "dm_p": NaN,
          "z_p": 0.5,
          "alpha_corrected": 0.016666666666666666,
          "rmse_leg_significant": false,
          "dir_acc_leg_significant": false,
          "verdict": "Does not beat baseline (neither leg significant, Bonferroni-corrected)"
        }
      }
    },
    "XGBoost": {
      "test": {
        "RMSE": 0.009652522892459863,
        "MAE": 0.006652863098380804,
        "R2": -0.005974729872182394,
        "Dir_Acc": 0.5373333333333333,
        "IC": 0.01970316106173207,
        "confusion_matrix": {
          "TP": 247,
          "TN": 157,
          "FP": 162,
          "FN": 184
        },
        "precision": 0.6039119804400978,
        "recall": 0.5730858468677494,
        "f1": 0.5880952380952381,
        "accuracy": 0.5386666666666666,
        "roc_auc": 0.507007833353941
      },
      "comparison_vs_baseline": {
        "diebold_mariano": {
          "dm_stat": -0.255639680334111,
          "p_value_one_sided": 0.6008854621362945,
          "mean_loss_diff": -4.138464701946952e-07,
          "loss_diff_series_std": 4.436406613817803e-05
        },
        "two_proportion_z_test": {
          "z_stat": -1.4550687745972257,
          "p_value_one_sided": 0.9271748886656802,
          "p1": 0.5373333333333333,
          "p2": 0.5746666666666667,
          "diff_pp": -3.733333333333333
        },
        "pct_rmse_improvement_over_baseline": -0.2228318751907974,
        "bonferroni_verdict": {
          "dm_p": 0.6008854621362945,
          "z_p": 0.9271748886656802,
          "alpha_corrected": 0.016666666666666666,
          "rmse_leg_significant": false,
          "dir_acc_leg_significant": false,
          "verdict": "Does not beat baseline (neither leg significant, Bonferroni-corrected)"
        }
      }
    },
    "LightGBM": {
      "test": {
        "RMSE": 0.009704315175904322,
        "MAE": 0.006780232097702833,
        "R2": -0.016799155642190255,
        "Dir_Acc": 0.43333333333333335,
        "IC": -0.03425863302731015,
        "confusion_matrix": {
          "TP": 43,
          "TN": 283,
          "FP": 36,
          "FN": 388
        },
        "precision": 0.5443037974683544,
        "recall": 0.09976798143851508,
        "f1": 0.16862745098039214,
        "accuracy": 0.43466666666666665,
        "roc_auc": 0.48947552167809794
      },
      "comparison_vs_baseline": {
        "diebold_mariano": {
          "dm_stat": -0.4751579735493467,
          "p_value_one_sided": 0.6826628102352372,
          "mean_loss_diff": -1.4163813140198816e-06,
          "loss_diff_series_std": 8.168880099115193e-05
        },
        "two_proportion_z_test": {
          "z_stat": -5.47399163317485,
          "p_value_one_sided": 0.9999999779995076,
          "p1": 0.43333333333333335,
          "p2": 0.5746666666666667,
          "diff_pp": -14.133333333333331
        },
        "pct_rmse_improvement_over_baseline": -0.7605948387100087,
        "bonferroni_verdict": {
          "dm_p": 0.6826628102352372,
          "z_p": 0.9999999779995076,
          "alpha_corrected": 0.016666666666666666,
          "rmse_leg_significant": false,
          "dir_acc_leg_significant": false,
          "verdict": "Does not beat baseline (neither leg significant, Bonferroni-corrected)"
        }
      }
    }
  }
}